timeStamp,elapsed,label,responseCode,responseMessage,threadName,dataType,success,failureMessage,bytes,sentBytes,grpThreads,allThreads,URL,Latency,IdleTime,Connect
1681595234066,462,HTTP Request compresion 1,200,OK,Thread Group 1-1,text,true,,196,16521503,3,3,http://localhost:5000/api/tasks,461,0,3
1681595234248,287,HTTP Request compresion 1,200,OK,Thread Group 1-2,text,true,,196,16521511,2,2,http://localhost:5000/api/tasks,287,0,2
1681595234453,150,HTTP Request compresion 1,200,OK,Thread Group 1-3,text,true,,196,16521491,1,1,http://localhost:5000/api/tasks,150,0,2
1681595234658,166,HTTP Request compresion 1,200,OK,Thread Group 1-4,text,true,,196,16521511,1,1,http://localhost:5000/api/tasks,165,0,1
1681595234851,117,HTTP Request compresion 1,200,OK,Thread Group 1-5,text,true,,196,16521495,1,1,http://localhost:5000/api/tasks,116,0,1
1681595235053,124,HTTP Request compresion 1,200,OK,Thread Group 1-6,text,true,,196,16521503,1,1,http://localhost:5000/api/tasks,124,0,2
1681595235254,134,HTTP Request compresion 1,200,OK,Thread Group 1-7,text,true,,196,16521507,1,1,http://localhost:5000/api/tasks,134,0,1
1681595235460,112,HTTP Request compresion 1,200,OK,Thread Group 1-8,text,true,,196,16521519,1,1,http://localhost:5000/api/tasks,112,0,2
1681595235754,111,HTTP Request compresion 1,200,OK,Thread Group 1-9,text,true,,196,16521523,1,1,http://localhost:5000/api/tasks,111,0,1
1681595235941,139,HTTP Request compresion 1,200,OK,Thread Group 1-10,text,true,,196,16521511,1,1,http://localhost:5000/api/tasks,139,0,1
1681595236109,120,HTTP Request compresion 1,200,OK,Thread Group 1-11,text,true,,196,16521515,1,1,http://localhost:5000/api/tasks,120,0,1
1681595236315,132,HTTP Request compresion 1,200,OK,Thread Group 1-12,text,true,,196,16521519,1,1,http://localhost:5000/api/tasks,132,0,2
1681595236534,123,HTTP Request compresion 1,200,OK,Thread Group 1-13,text,true,,196,16521487,1,1,http://localhost:5000/api/tasks,123,0,1
1681595236737,148,HTTP Request compresion 1,200,OK,Thread Group 1-14,text,true,,196,16521515,1,1,http://localhost:5000/api/tasks,148,0,1
1681595236914,144,HTTP Request compresion 1,200,OK,Thread Group 1-15,text,true,,196,16521523,1,1,http://localhost:5000/api/tasks,144,0,2
1681595237275,208,HTTP Request compresion 1,200,OK,Thread Group 1-16,text,true,,196,16521523,2,2,http://localhost:5000/api/tasks,208,0,1
1681595237341,165,HTTP Request compresion 1,200,OK,Thread Group 1-17,text,true,,196,16521495,1,1,http://localhost:5000/api/tasks,165,0,1
1681595237589,159,HTTP Request compresion 1,200,OK,Thread Group 1-18,text,true,,196,16521511,2,2,http://localhost:5000/api/tasks,159,0,1
1681595237724,134,HTTP Request compresion 1,200,OK,Thread Group 1-19,text,true,,196,16521523,1,1,http://localhost:5000/api/tasks,134,0,1
1681595237924,149,HTTP Request compresion 1,200,OK,Thread Group 1-20,text,true,,196,16521499,1,1,http://localhost:5000/api/tasks,149,0,1
1681595238193,140,HTTP Request compresion 1,200,OK,Thread Group 1-21,text,true,,196,16521507,1,1,http://localhost:5000/api/tasks,140,0,2
1681595238393,119,HTTP Request compresion 1,200,OK,Thread Group 1-22,text,true,,196,16521515,1,1,http://localhost:5000/api/tasks,119,0,1
1681595238520,120,HTTP Request compresion 1,200,OK,Thread Group 1-23,text,true,,196,16521491,1,1,http://localhost:5000/api/tasks,120,0,1
1681595238721,104,HTTP Request compresion 1,200,OK,Thread Group 1-24,text,true,,196,16521491,1,1,http://localhost:5000/api/tasks,104,0,1
1681595238988,152,HTTP Request compresion 1,200,OK,Thread Group 1-25,text,true,,196,16521483,1,1,http://localhost:5000/api/tasks,152,0,1
1681595239189,134,HTTP Request compresion 1,200,OK,Thread Group 1-26,text,true,,196,16521511,1,1,http://localhost:5000/api/tasks,134,0,1
1681595239332,137,HTTP Request compresion 1,200,OK,Thread Group 1-27,text,true,,196,16521495,1,1,http://localhost:5000/api/tasks,137,0,0
1681595239532,123,HTTP Request compresion 1,200,OK,Thread Group 1-28,text,true,,196,16521491,1,1,http://localhost:5000/api/tasks,122,0,1
1681595239789,164,HTTP Request compresion 1,200,OK,Thread Group 1-29,text,true,,196,16521507,1,1,http://localhost:5000/api/tasks,164,0,1
1681595239989,193,HTTP Request compresion 1,200,OK,Thread Group 1-30,text,true,,196,16521499,2,2,http://localhost:5000/api/tasks,193,0,1
1681595240135,146,HTTP Request compresion 1,200,OK,Thread Group 1-31,text,true,,196,16521515,1,1,http://localhost:5000/api/tasks,146,0,3
1681595240333,121,HTTP Request compresion 1,200,OK,Thread Group 1-32,text,true,,196,16521515,1,1,http://localhost:5000/api/tasks,121,0,1
1681595240588,107,HTTP Request compresion 1,200,OK,Thread Group 1-33,text,true,,196,16521519,1,1,http://localhost:5000/api/tasks,107,0,1
1681595240789,104,HTTP Request compresion 1,200,OK,Thread Group 1-34,text,true,,196,16521515,1,1,http://localhost:5000/api/tasks,104,0,1
1681595240934,152,HTTP Request compresion 1,200,OK,Thread Group 1-35,text,true,,196,16521499,1,1,http://localhost:5000/api/tasks,152,0,1
1681595241133,124,HTTP Request compresion 1,200,OK,Thread Group 1-36,text,true,,196,16521495,1,1,http://localhost:5000/api/tasks,124,0,1
1681595241388,106,HTTP Request compresion 1,200,OK,Thread Group 1-37,text,true,,196,16521507,1,1,http://localhost:5000/api/tasks,106,0,2
1681595241618,115,HTTP Request compresion 1,200,OK,Thread Group 1-38,text,true,,196,16521495,1,1,http://localhost:5000/api/tasks,114,0,9
1681595241792,97,HTTP Request compresion 1,200,OK,Thread Group 1-39,text,true,,196,16521503,1,1,http://localhost:5000/api/tasks,97,0,1
1681595241992,125,HTTP Request compresion 1,200,OK,Thread Group 1-40,text,true,,196,16521483,1,1,http://localhost:5000/api/tasks,125,0,1
1681595242189,98,HTTP Request compresion 1,200,OK,Thread Group 1-41,text,true,,196,16521487,1,1,http://localhost:5000/api/tasks,97,0,1
1681595242392,112,HTTP Request compresion 1,200,OK,Thread Group 1-42,text,true,,196,16521511,1,1,http://localhost:5000/api/tasks,111,0,2
1681595242586,108,HTTP Request compresion 1,200,OK,Thread Group 1-43,text,true,,196,16521511,1,1,http://localhost:5000/api/tasks,108,0,1
1681595242786,116,HTTP Request compresion 1,200,OK,Thread Group 1-44,text,true,,196,16521503,1,1,http://localhost:5000/api/tasks,116,0,1
1681595242985,97,HTTP Request compresion 1,200,OK,Thread Group 1-45,text,true,,196,16521523,1,1,http://localhost:5000/api/tasks,97,0,1
1681595243184,100,HTTP Request compresion 1,200,OK,Thread Group 1-46,text,true,,196,16521511,1,1,http://localhost:5000/api/tasks,99,0,1
1681595243387,103,HTTP Request compresion 1,200,OK,Thread Group 1-47,text,true,,196,16521487,1,1,http://localhost:5000/api/tasks,103,0,3
1681595243586,100,HTTP Request compresion 1,200,OK,Thread Group 1-48,text,true,,196,16521519,1,1,http://localhost:5000/api/tasks,100,0,1
1681595243786,98,HTTP Request compresion 1,200,OK,Thread Group 1-49,text,true,,196,16521507,1,1,http://localhost:5000/api/tasks,98,0,1
1681595243986,114,HTTP Request compresion 1,200,OK,Thread Group 1-50,text,true,,196,16521495,1,1,http://localhost:5000/api/tasks,114,0,1
1681595244187,104,HTTP Request compresion 1,200,OK,Thread Group 1-51,text,true,,196,16521491,1,1,http://localhost:5000/api/tasks,104,0,1
1681595244386,99,HTTP Request compresion 1,200,OK,Thread Group 1-52,text,true,,196,16521507,1,1,http://localhost:5000/api/tasks,99,0,1
1681595244586,117,HTTP Request compresion 1,200,OK,Thread Group 1-53,text,true,,196,16521499,1,1,http://localhost:5000/api/tasks,117,0,1
1681595244785,102,HTTP Request compresion 1,200,OK,Thread Group 1-54,text,true,,196,16521523,1,1,http://localhost:5000/api/tasks,102,0,1
1681595244988,95,HTTP Request compresion 1,200,OK,Thread Group 1-55,text,true,,196,16521503,1,1,http://localhost:5000/api/tasks,95,0,1
1681595245189,95,HTTP Request compresion 1,200,OK,Thread Group 1-56,text,true,,196,16521499,1,1,http://localhost:5000/api/tasks,95,0,1
1681595245386,132,HTTP Request compresion 1,200,OK,Thread Group 1-57,text,true,,196,16521491,1,1,http://localhost:5000/api/tasks,132,0,2
1681595245586,120,HTTP Request compresion 1,200,OK,Thread Group 1-58,text,true,,196,16521499,1,1,http://localhost:5000/api/tasks,119,0,1
1681595245784,112,HTTP Request compresion 1,200,OK,Thread Group 1-59,text,true,,196,16521499,1,1,http://localhost:5000/api/tasks,112,0,1
1681595245984,98,HTTP Request compresion 1,200,OK,Thread Group 1-60,text,true,,196,16521523,1,1,http://localhost:5000/api/tasks,98,0,0
1681595246186,110,HTTP Request compresion 1,200,OK,Thread Group 1-61,text,true,,196,16521495,1,1,http://localhost:5000/api/tasks,109,0,3
1681595246391,112,HTTP Request compresion 1,200,OK,Thread Group 1-62,text,true,,196,16521511,1,1,http://localhost:5000/api/tasks,112,0,1
1681595246597,142,HTTP Request compresion 1,200,OK,Thread Group 1-63,text,true,,196,16521511,1,1,http://localhost:5000/api/tasks,142,0,1
1681595246790,126,HTTP Request compresion 1,200,OK,Thread Group 1-64,text,true,,196,16521495,1,1,http://localhost:5000/api/tasks,126,0,1
1681595246997,115,HTTP Request compresion 1,200,OK,Thread Group 1-65,text,true,,196,16521519,1,1,http://localhost:5000/api/tasks,115,0,2
1681595247187,120,HTTP Request compresion 1,200,OK,Thread Group 1-66,text,true,,196,16521483,1,1,http://localhost:5000/api/tasks,120,0,1
1681595247383,120,HTTP Request compresion 1,200,OK,Thread Group 1-67,text,true,,196,16521503,1,1,http://localhost:5000/api/tasks,120,0,1
1681595247583,116,HTTP Request compresion 1,200,OK,Thread Group 1-68,text,true,,196,16521523,1,1,http://localhost:5000/api/tasks,116,0,1
1681595247783,106,HTTP Request compresion 1,200,OK,Thread Group 1-69,text,true,,196,16521499,1,1,http://localhost:5000/api/tasks,105,0,1
1681595247984,142,HTTP Request compresion 1,200,OK,Thread Group 1-70,text,true,,196,16521483,1,1,http://localhost:5000/api/tasks,142,0,1
1681595248184,180,HTTP Request compresion 1,200,OK,Thread Group 1-71,text,true,,196,16521491,1,1,http://localhost:5000/api/tasks,180,0,2
1681595248385,258,HTTP Request compresion 1,200,OK,Thread Group 1-72,text,true,,196,16521491,2,2,http://localhost:5000/api/tasks,258,0,3
1681595248584,162,HTTP Request compresion 1,200,OK,Thread Group 1-73,text,true,,196,16521507,1,1,http://localhost:5000/api/tasks,161,0,3
1681595248787,130,HTTP Request compresion 1,200,OK,Thread Group 1-74,text,true,,196,16521499,1,1,http://localhost:5000/api/tasks,130,0,1
1681595248984,139,HTTP Request compresion 1,200,OK,Thread Group 1-75,text,true,,196,16521491,1,1,http://localhost:5000/api/tasks,139,0,1
1681595249184,254,HTTP Request compresion 1,200,OK,Thread Group 1-76,text,true,,196,16521519,2,2,http://localhost:5000/api/tasks,254,0,1
1681595249385,139,HTTP Request compresion 1,200,OK,Thread Group 1-77,text,true,,196,16521483,1,1,http://localhost:5000/api/tasks,139,0,2
1681595249588,96,HTTP Request compresion 1,200,OK,Thread Group 1-78,text,true,,196,16521491,1,1,http://localhost:5000/api/tasks,96,0,0
1681595249784,117,HTTP Request compresion 1,200,OK,Thread Group 1-79,text,true,,196,16521499,1,1,http://localhost:5000/api/tasks,117,0,1
1681595249985,99,HTTP Request compresion 1,200,OK,Thread Group 1-80,text,true,,196,16521511,1,1,http://localhost:5000/api/tasks,99,0,1
1681595250187,109,HTTP Request compresion 1,200,OK,Thread Group 1-81,text,true,,196,16521507,1,1,http://localhost:5000/api/tasks,109,0,1
1681595250387,113,HTTP Request compresion 1,200,OK,Thread Group 1-82,text,true,,196,16521495,1,1,http://localhost:5000/api/tasks,113,0,1
1681595250583,102,HTTP Request compresion 1,200,OK,Thread Group 1-83,text,true,,196,16521487,1,1,http://localhost:5000/api/tasks,101,0,1
1681595250782,133,HTTP Request compresion 1,200,OK,Thread Group 1-84,text,true,,196,16521503,1,1,http://localhost:5000/api/tasks,133,0,2
1681595250985,122,HTTP Request compresion 1,200,OK,Thread Group 1-85,text,true,,196,16521507,1,1,http://localhost:5000/api/tasks,122,0,2
1681595251186,111,HTTP Request compresion 1,200,OK,Thread Group 1-86,text,true,,196,16521491,1,1,http://localhost:5000/api/tasks,111,0,1
1681595251384,110,HTTP Request compresion 1,200,OK,Thread Group 1-87,text,true,,196,16521483,1,1,http://localhost:5000/api/tasks,110,0,1
1681595251585,117,HTTP Request compresion 1,200,OK,Thread Group 1-88,text,true,,196,16521495,1,1,http://localhost:5000/api/tasks,117,0,2
1681595251785,108,HTTP Request compresion 1,200,OK,Thread Group 1-89,text,true,,196,16521491,1,1,http://localhost:5000/api/tasks,107,0,1
1681595251986,127,HTTP Request compresion 1,200,OK,Thread Group 1-90,text,true,,196,16521507,1,1,http://localhost:5000/api/tasks,127,0,1
1681595252184,117,HTTP Request compresion 1,200,OK,Thread Group 1-91,text,true,,196,16521495,1,1,http://localhost:5000/api/tasks,117,0,1
1681595252383,110,HTTP Request compresion 1,200,OK,Thread Group 1-92,text,true,,196,16521483,1,1,http://localhost:5000/api/tasks,109,0,2
1681595252586,120,HTTP Request compresion 1,200,OK,Thread Group 1-93,text,true,,196,16521499,1,1,http://localhost:5000/api/tasks,120,0,1
1681595252787,107,HTTP Request compresion 1,200,OK,Thread Group 1-94,text,true,,196,16521503,1,1,http://localhost:5000/api/tasks,107,0,1
1681595252988,108,HTTP Request compresion 1,200,OK,Thread Group 1-95,text,true,,196,16521507,1,1,http://localhost:5000/api/tasks,107,0,1
1681595253187,107,HTTP Request compresion 1,200,OK,Thread Group 1-96,text,true,,196,16521507,1,1,http://localhost:5000/api/tasks,107,0,1
1681595253386,103,HTTP Request compresion 1,200,OK,Thread Group 1-97,text,true,,196,16521495,1,1,http://localhost:5000/api/tasks,103,0,1
1681595253587,103,HTTP Request compresion 1,200,OK,Thread Group 1-98,text,true,,196,16521487,1,1,http://localhost:5000/api/tasks,103,0,0
1681595253786,99,HTTP Request compresion 1,200,OK,Thread Group 1-99,text,true,,196,16521507,1,1,http://localhost:5000/api/tasks,99,0,1
1681595253987,105,HTTP Request compresion 1,200,OK,Thread Group 1-100,text,true,,196,16521507,1,1,http://localhost:5000/api/tasks,104,0,2
1681595254186,112,HTTP Request compresion 1,200,OK,Thread Group 1-101,text,true,,196,16521511,1,1,http://localhost:5000/api/tasks,112,0,1
1681595254386,97,HTTP Request compresion 1,200,OK,Thread Group 1-102,text,true,,196,16521487,1,1,http://localhost:5000/api/tasks,97,0,1
1681595254587,125,HTTP Request compresion 1,200,OK,Thread Group 1-103,text,true,,196,16521523,1,1,http://localhost:5000/api/tasks,125,0,1
1681595254787,105,HTTP Request compresion 1,200,OK,Thread Group 1-104,text,true,,196,16521515,1,1,http://localhost:5000/api/tasks,105,0,0
1681595254986,112,HTTP Request compresion 1,200,OK,Thread Group 1-105,text,true,,196,16521491,1,1,http://localhost:5000/api/tasks,112,0,1
1681595255188,96,HTTP Request compresion 1,200,OK,Thread Group 1-106,text,true,,196,16521515,1,1,http://localhost:5000/api/tasks,96,0,1
1681595255386,100,HTTP Request compresion 1,200,OK,Thread Group 1-107,text,true,,196,16521511,1,1,http://localhost:5000/api/tasks,99,0,1
1681595255587,120,HTTP Request compresion 1,200,OK,Thread Group 1-108,text,true,,196,16521487,1,1,http://localhost:5000/api/tasks,120,0,1
1681595255786,125,HTTP Request compresion 1,200,OK,Thread Group 1-109,text,true,,196,16521511,1,1,http://localhost:5000/api/tasks,125,0,1
1681595255987,114,HTTP Request compresion 1,200,OK,Thread Group 1-110,text,true,,196,16521523,1,1,http://localhost:5000/api/tasks,114,0,1
1681595256187,147,HTTP Request compresion 1,200,OK,Thread Group 1-111,text,true,,196,16521491,1,1,http://localhost:5000/api/tasks,147,0,2
1681595256390,152,HTTP Request compresion 1,200,OK,Thread Group 1-112,text,true,,196,16521507,1,1,http://localhost:5000/api/tasks,152,0,1
1681595256598,186,HTTP Request compresion 1,200,OK,Thread Group 1-113,text,true,,196,16521519,1,1,http://localhost:5000/api/tasks,186,0,22
1681595256790,153,HTTP Request compresion 1,200,OK,Thread Group 1-114,text,true,,196,16521511,1,1,http://localhost:5000/api/tasks,152,0,1
1681595257004,135,HTTP Request compresion 1,200,OK,Thread Group 1-115,text,true,,196,16521519,1,1,http://localhost:5000/api/tasks,134,0,1
1681595257206,143,HTTP Request compresion 1,200,OK,Thread Group 1-116,text,true,,196,16521487,1,1,http://localhost:5000/api/tasks,143,0,1
1681595257408,113,HTTP Request compresion 1,200,OK,Thread Group 1-117,text,true,,196,16521499,1,1,http://localhost:5000/api/tasks,113,0,1
1681595257607,120,HTTP Request compresion 1,200,OK,Thread Group 1-118,text,true,,196,16521495,1,1,http://localhost:5000/api/tasks,120,0,2
1681595257812,113,HTTP Request compresion 1,200,OK,Thread Group 1-119,text,true,,196,16521515,1,1,http://localhost:5000/api/tasks,113,0,2
1681595258004,107,HTTP Request compresion 1,200,OK,Thread Group 1-120,text,true,,196,16521515,1,1,http://localhost:5000/api/tasks,107,0,2
1681595258208,131,HTTP Request compresion 1,200,OK,Thread Group 1-121,text,true,,196,16521523,1,1,http://localhost:5000/api/tasks,131,0,1
1681595258401,114,HTTP Request compresion 1,200,OK,Thread Group 1-122,text,true,,196,16521483,1,1,http://localhost:5000/api/tasks,114,0,2
1681595258605,99,HTTP Request compresion 1,200,OK,Thread Group 1-123,text,true,,196,16521483,1,1,http://localhost:5000/api/tasks,99,0,1
1681595258807,106,HTTP Request compresion 1,200,OK,Thread Group 1-124,text,true,,196,16521507,1,1,http://localhost:5000/api/tasks,106,0,1
1681595259006,134,HTTP Request compresion 1,200,OK,Thread Group 1-125,text,true,,196,16521515,1,1,http://localhost:5000/api/tasks,134,0,1
1681595259206,146,HTTP Request compresion 1,200,OK,Thread Group 1-126,text,true,,196,16521511,1,1,http://localhost:5000/api/tasks,146,0,1
1681595259398,132,HTTP Request compresion 1,200,OK,Thread Group 1-127,text,true,,196,16521519,1,1,http://localhost:5000/api/tasks,132,0,1
1681595259599,131,HTTP Request compresion 1,200,OK,Thread Group 1-128,text,true,,196,16521507,1,1,http://localhost:5000/api/tasks,131,0,2
1681595259798,110,HTTP Request compresion 1,200,OK,Thread Group 1-129,text,true,,196,16521499,1,1,http://localhost:5000/api/tasks,110,0,1
1681595259997,125,HTTP Request compresion 1,200,OK,Thread Group 1-130,text,true,,196,16521507,1,1,http://localhost:5000/api/tasks,124,0,1
1681595260197,139,HTTP Request compresion 1,200,OK,Thread Group 1-131,text,true,,196,16521511,1,1,http://localhost:5000/api/tasks,138,0,1
1681595260392,128,HTTP Request compresion 1,200,OK,Thread Group 1-132,text,true,,196,16521487,1,1,http://localhost:5000/api/tasks,127,0,1
1681595260591,128,HTTP Request compresion 1,200,OK,Thread Group 1-133,text,true,,196,16521503,1,1,http://localhost:5000/api/tasks,128,0,1
1681595260791,109,HTTP Request compresion 1,200,OK,Thread Group 1-134,text,true,,196,16521519,1,1,http://localhost:5000/api/tasks,108,0,2
1681595260996,104,HTTP Request compresion 1,200,OK,Thread Group 1-135,text,true,,196,16521507,1,1,http://localhost:5000/api/tasks,104,0,2
1681595261193,102,HTTP Request compresion 1,200,OK,Thread Group 1-136,text,true,,196,16521483,1,1,http://localhost:5000/api/tasks,102,0,1
1681595261400,112,HTTP Request compresion 1,200,OK,Thread Group 1-137,text,true,,196,16521503,1,1,http://localhost:5000/api/tasks,112,0,2
1681595261590,119,HTTP Request compresion 1,200,OK,Thread Group 1-138,text,true,,196,16521487,1,1,http://localhost:5000/api/tasks,119,0,5
1681595261794,106,HTTP Request compresion 1,200,OK,Thread Group 1-139,text,true,,196,16521491,1,1,http://localhost:5000/api/tasks,106,0,1
1681595261996,135,HTTP Request compresion 1,200,OK,Thread Group 1-140,text,true,,196,16521515,1,1,http://localhost:5000/api/tasks,135,0,2
1681595262194,134,HTTP Request compresion 1,200,OK,Thread Group 1-141,text,true,,196,16521491,1,1,http://localhost:5000/api/tasks,134,0,1
1681595262392,131,HTTP Request compresion 1,200,OK,Thread Group 1-142,text,true,,196,16521483,1,1,http://localhost:5000/api/tasks,130,0,1
1681595262593,108,HTTP Request compresion 1,200,OK,Thread Group 1-143,text,true,,196,16521523,1,1,http://localhost:5000/api/tasks,108,0,1
1681595262793,115,HTTP Request compresion 1,200,OK,Thread Group 1-144,text,true,,196,16521511,1,1,http://localhost:5000/api/tasks,114,0,2
1681595262993,110,HTTP Request compresion 1,200,OK,Thread Group 1-145,text,true,,196,16521499,1,1,http://localhost:5000/api/tasks,109,0,1
1681595263192,98,HTTP Request compresion 1,200,OK,Thread Group 1-146,text,true,,196,16521515,1,1,http://localhost:5000/api/tasks,98,0,1
1681595263393,123,HTTP Request compresion 1,200,OK,Thread Group 1-147,text,true,,196,16521523,1,1,http://localhost:5000/api/tasks,123,0,1
1681595263595,107,HTTP Request compresion 1,200,OK,Thread Group 1-148,text,true,,196,16521515,1,1,http://localhost:5000/api/tasks,107,0,1
1681595263792,97,HTTP Request compresion 1,200,OK,Thread Group 1-149,text,true,,196,16521523,1,1,http://localhost:5000/api/tasks,96,0,1
1681595263992,108,HTTP Request compresion 1,200,OK,Thread Group 1-150,text,true,,196,16521523,1,1,http://localhost:5000/api/tasks,108,0,0
1681595264194,107,HTTP Request compresion 1,200,OK,Thread Group 1-151,text,true,,196,16521499,1,1,http://localhost:5000/api/tasks,106,0,2
1681595264395,122,HTTP Request compresion 1,200,OK,Thread Group 1-152,text,true,,196,16521491,1,1,http://localhost:5000/api/tasks,122,0,1
1681595264592,95,HTTP Request compresion 1,200,OK,Thread Group 1-153,text,true,,196,16521503,1,1,http://localhost:5000/api/tasks,95,0,1
1681595264794,103,HTTP Request compresion 1,200,OK,Thread Group 1-154,text,true,,196,16521523,1,1,http://localhost:5000/api/tasks,103,0,1
1681595264995,95,HTTP Request compresion 1,200,OK,Thread Group 1-155,text,true,,196,16521491,1,1,http://localhost:5000/api/tasks,95,0,0
1681595265194,106,HTTP Request compresion 1,200,OK,Thread Group 1-156,text,true,,196,16521519,1,1,http://localhost:5000/api/tasks,106,0,2
1681595265393,118,HTTP Request compresion 1,200,OK,Thread Group 1-157,text,true,,196,16521499,1,1,http://localhost:5000/api/tasks,118,0,1
1681595265602,93,HTTP Request compresion 1,200,OK,Thread Group 1-158,text,true,,196,16521495,1,1,http://localhost:5000/api/tasks,93,0,1
1681595265795,105,HTTP Request compresion 1,200,OK,Thread Group 1-159,text,true,,196,16521491,1,1,http://localhost:5000/api/tasks,105,0,1
1681595265996,107,HTTP Request compresion 1,200,OK,Thread Group 1-160,text,true,,196,16521491,1,1,http://localhost:5000/api/tasks,106,0,0
1681595266202,103,HTTP Request compresion 1,200,OK,Thread Group 1-161,text,true,,196,16521503,1,1,http://localhost:5000/api/tasks,103,0,1
1681595266404,111,HTTP Request compresion 1,200,OK,Thread Group 1-162,text,true,,196,16521515,1,1,http://localhost:5000/api/tasks,111,0,1
1681595266595,105,HTTP Request compresion 1,200,OK,Thread Group 1-163,text,true,,196,16521511,1,1,http://localhost:5000/api/tasks,105,0,1
1681595266799,109,HTTP Request compresion 1,200,OK,Thread Group 1-164,text,true,,196,16521499,1,1,http://localhost:5000/api/tasks,109,0,1
1681595267004,108,HTTP Request compresion 1,200,OK,Thread Group 1-165,text,true,,196,16521491,1,1,http://localhost:5000/api/tasks,108,0,1
1681595267204,102,HTTP Request compresion 1,200,OK,Thread Group 1-166,text,true,,196,16521487,1,1,http://localhost:5000/api/tasks,102,0,2
1681595267404,91,HTTP Request compresion 1,200,OK,Thread Group 1-167,text,true,,196,16521483,1,1,http://localhost:5000/api/tasks,91,0,1
1681595267604,136,HTTP Request compresion 1,200,OK,Thread Group 1-168,text,true,,196,16521503,1,1,http://localhost:5000/api/tasks,136,0,2
1681595267804,119,HTTP Request compresion 1,200,OK,Thread Group 1-169,text,true,,196,16521515,1,1,http://localhost:5000/api/tasks,118,0,1
1681595268004,96,HTTP Request compresion 1,200,OK,Thread Group 1-170,text,true,,196,16521483,1,1,http://localhost:5000/api/tasks,96,0,1
1681595268203,110,HTTP Request compresion 1,200,OK,Thread Group 1-171,text,true,,196,16521499,1,1,http://localhost:5000/api/tasks,110,0,1
1681595268403,98,HTTP Request compresion 1,200,OK,Thread Group 1-172,text,true,,196,16521499,1,1,http://localhost:5000/api/tasks,98,0,1
1681595268604,121,HTTP Request compresion 1,200,OK,Thread Group 1-173,text,true,,196,16521519,1,1,http://localhost:5000/api/tasks,120,0,1
1681595268804,99,HTTP Request compresion 1,200,OK,Thread Group 1-174,text,true,,196,16521507,1,1,http://localhost:5000/api/tasks,99,0,0
1681595269004,98,HTTP Request compresion 1,200,OK,Thread Group 1-175,text,true,,196,16521515,1,1,http://localhost:5000/api/tasks,98,0,1
1681595269204,116,HTTP Request compresion 1,200,OK,Thread Group 1-176,text,true,,196,16521507,1,1,http://localhost:5000/api/tasks,116,0,1
1681595269404,103,HTTP Request compresion 1,200,OK,Thread Group 1-177,text,true,,196,16521499,1,1,http://localhost:5000/api/tasks,103,0,1
1681595269604,117,HTTP Request compresion 1,200,OK,Thread Group 1-178,text,true,,196,16521515,1,1,http://localhost:5000/api/tasks,117,0,1
1681595269804,93,HTTP Request compresion 1,200,OK,Thread Group 1-179,text,true,,196,16521503,1,1,http://localhost:5000/api/tasks,92,0,1
1681595270004,115,HTTP Request compresion 1,200,OK,Thread Group 1-180,text,true,,196,16521511,1,1,http://localhost:5000/api/tasks,114,0,1
1681595270212,120,HTTP Request compresion 1,200,OK,Thread Group 1-181,text,true,,196,16521499,1,1,http://localhost:5000/api/tasks,120,0,1
1681595270410,132,HTTP Request compresion 1,200,OK,Thread Group 1-182,text,true,,196,16521491,1,1,http://localhost:5000/api/tasks,132,0,1
1681595270609,143,HTTP Request compresion 1,200,OK,Thread Group 1-183,text,true,,196,16521487,1,1,http://localhost:5000/api/tasks,143,0,1
1681595270814,112,HTTP Request compresion 1,200,OK,Thread Group 1-184,text,true,,196,16521519,1,1,http://localhost:5000/api/tasks,112,0,2
1681595271012,151,HTTP Request compresion 1,200,OK,Thread Group 1-185,text,true,,196,16521519,1,1,http://localhost:5000/api/tasks,151,0,1
1681595271214,159,HTTP Request compresion 1,200,OK,Thread Group 1-186,text,true,,196,16521515,1,1,http://localhost:5000/api/tasks,159,0,4
1681595271411,144,HTTP Request compresion 1,200,OK,Thread Group 1-187,text,true,,196,16521523,1,1,http://localhost:5000/api/tasks,144,0,1
1681595271600,164,HTTP Request compresion 1,200,OK,Thread Group 1-188,text,true,,196,16521487,1,1,http://localhost:5000/api/tasks,164,0,1
1681595271800,154,HTTP Request compresion 1,200,OK,Thread Group 1-189,text,true,,196,16521507,1,1,http://localhost:5000/api/tasks,154,0,2
1681595272001,139,HTTP Request compresion 1,200,OK,Thread Group 1-190,text,true,,196,16521499,1,1,http://localhost:5000/api/tasks,139,0,3
1681595272198,140,HTTP Request compresion 1,200,OK,Thread Group 1-191,text,true,,196,16521495,1,1,http://localhost:5000/api/tasks,140,0,1
1681595272399,149,HTTP Request compresion 1,200,OK,Thread Group 1-192,text,true,,196,16521507,1,1,http://localhost:5000/api/tasks,149,0,1
1681595272600,136,HTTP Request compresion 1,200,OK,Thread Group 1-193,text,true,,196,16521519,1,1,http://localhost:5000/api/tasks,136,0,2
1681595272800,139,HTTP Request compresion 1,200,OK,Thread Group 1-194,text,true,,196,16521523,1,1,http://localhost:5000/api/tasks,139,0,2
1681595273003,136,HTTP Request compresion 1,200,OK,Thread Group 1-195,text,true,,196,16521503,1,1,http://localhost:5000/api/tasks,136,0,1
1681595273202,167,HTTP Request compresion 1,200,OK,Thread Group 1-196,text,true,,196,16521523,1,1,http://localhost:5000/api/tasks,167,0,2
1681595273400,130,HTTP Request compresion 1,200,OK,Thread Group 1-197,text,true,,196,16521495,1,1,http://localhost:5000/api/tasks,129,0,2
1681595273600,107,HTTP Request compresion 1,200,OK,Thread Group 1-198,text,true,,196,16521503,1,1,http://localhost:5000/api/tasks,107,0,2
1681595273800,109,HTTP Request compresion 1,200,OK,Thread Group 1-199,text,true,,196,16521495,1,1,http://localhost:5000/api/tasks,109,0,2
1681595274000,101,HTTP Request compresion 1,200,OK,Thread Group 1-200,text,true,,196,16521487,1,1,http://localhost:5000/api/tasks,101,0,1
1681595274205,111,HTTP Request compresion 1,200,OK,Thread Group 1-201,text,true,,196,16521503,1,1,http://localhost:5000/api/tasks,111,0,1
1681595274404,124,HTTP Request compresion 1,200,OK,Thread Group 1-202,text,true,,196,16521511,1,1,http://localhost:5000/api/tasks,124,0,1
1681595274603,107,HTTP Request compresion 1,200,OK,Thread Group 1-203,text,true,,196,16521507,1,1,http://localhost:5000/api/tasks,107,0,0
1681595274804,116,HTTP Request compresion 1,200,OK,Thread Group 1-204,text,true,,196,16521487,1,1,http://localhost:5000/api/tasks,116,0,1
1681595275005,106,HTTP Request compresion 1,200,OK,Thread Group 1-205,text,true,,196,16521511,1,1,http://localhost:5000/api/tasks,106,0,1
1681595275204,106,HTTP Request compresion 1,200,OK,Thread Group 1-206,text,true,,196,16521503,1,1,http://localhost:5000/api/tasks,106,0,2
1681595275405,107,HTTP Request compresion 1,200,OK,Thread Group 1-207,text,true,,196,16521511,1,1,http://localhost:5000/api/tasks,107,0,1
1681595275605,97,HTTP Request compresion 1,200,OK,Thread Group 1-208,text,true,,196,16521503,1,1,http://localhost:5000/api/tasks,97,0,1
1681595275804,100,HTTP Request compresion 1,200,OK,Thread Group 1-209,text,true,,196,16521491,1,1,http://localhost:5000/api/tasks,100,0,0
1681595276005,108,HTTP Request compresion 1,200,OK,Thread Group 1-210,text,true,,196,16521511,1,1,http://localhost:5000/api/tasks,108,0,1
1681595276204,116,HTTP Request compresion 1,200,OK,Thread Group 1-211,text,true,,196,16521483,1,1,http://localhost:5000/api/tasks,116,0,1
1681595276405,124,HTTP Request compresion 1,200,OK,Thread Group 1-212,text,true,,196,16521495,1,1,http://localhost:5000/api/tasks,124,0,1
1681595276604,123,HTTP Request compresion 1,200,OK,Thread Group 1-213,text,true,,196,16521491,1,1,http://localhost:5000/api/tasks,123,0,1
1681595276804,116,HTTP Request compresion 1,200,OK,Thread Group 1-214,text,true,,196,16521523,1,1,http://localhost:5000/api/tasks,116,0,2
1681595277004,109,HTTP Request compresion 1,200,OK,Thread Group 1-215,text,true,,196,16521507,1,1,http://localhost:5000/api/tasks,109,0,1
1681595277204,98,HTTP Request compresion 1,200,OK,Thread Group 1-216,text,true,,196,16521515,1,1,http://localhost:5000/api/tasks,98,0,1
1681595277405,103,HTTP Request compresion 1,200,OK,Thread Group 1-217,text,true,,196,16521503,1,1,http://localhost:5000/api/tasks,103,0,0
1681595277605,97,HTTP Request compresion 1,200,OK,Thread Group 1-218,text,true,,196,16521511,1,1,http://localhost:5000/api/tasks,96,0,1
1681595277804,102,HTTP Request compresion 1,200,OK,Thread Group 1-219,text,true,,196,16521515,1,1,http://localhost:5000/api/tasks,102,0,1
1681595278005,102,HTTP Request compresion 1,200,OK,Thread Group 1-220,text,true,,196,16521487,1,1,http://localhost:5000/api/tasks,101,0,1
1681595278204,105,HTTP Request compresion 1,200,OK,Thread Group 1-221,text,true,,196,16521487,1,1,http://localhost:5000/api/tasks,105,0,1
1681595278404,118,HTTP Request compresion 1,200,OK,Thread Group 1-222,text,true,,196,16521483,1,1,http://localhost:5000/api/tasks,118,0,2
1681595278608,138,HTTP Request compresion 1,200,OK,Thread Group 1-223,text,true,,196,16521499,1,1,http://localhost:5000/api/tasks,138,0,1
1681595278808,199,HTTP Request compresion 1,200,OK,Thread Group 1-224,text,true,,196,16521523,1,1,http://localhost:5000/api/tasks,199,0,1
1681595279013,308,HTTP Request compresion 1,200,OK,Thread Group 1-225,text,true,,196,16521519,2,2,http://localhost:5000/api/tasks,308,0,2
1681595279211,185,HTTP Request compresion 1,200,OK,Thread Group 1-226,text,true,,196,16521519,1,1,http://localhost:5000/api/tasks,184,0,4
1681595279409,146,HTTP Request compresion 1,200,OK,Thread Group 1-227,text,true,,196,16521523,1,1,http://localhost:5000/api/tasks,146,0,1
1681595279604,154,HTTP Request compresion 1,200,OK,Thread Group 1-228,text,true,,196,16521487,1,1,http://localhost:5000/api/tasks,154,0,1
1681595279805,156,HTTP Request compresion 1,200,OK,Thread Group 1-229,text,true,,196,16521483,1,1,http://localhost:5000/api/tasks,156,0,1
1681595280004,201,HTTP Request compresion 1,200,OK,Thread Group 1-230,text,true,,196,16521495,2,2,http://localhost:5000/api/tasks,201,0,4
1681595280205,175,HTTP Request compresion 1,200,OK,Thread Group 1-231,text,true,,196,16521519,1,1,http://localhost:5000/api/tasks,175,0,2
1681595280434,339,HTTP Request compresion 1,200,OK,Thread Group 1-232,text,true,,196,16521515,2,2,http://localhost:5000/api/tasks,338,0,3
1681595280608,208,HTTP Request compresion 1,200,OK,Thread Group 1-233,text,true,,196,16521491,2,2,http://localhost:5000/api/tasks,208,0,5
1681595280805,139,HTTP Request compresion 1,200,OK,Thread Group 1-234,text,true,,196,16521511,1,1,http://localhost:5000/api/tasks,138,0,2
1681595281005,163,HTTP Request compresion 1,200,OK,Thread Group 1-235,text,true,,196,16521499,1,1,http://localhost:5000/api/tasks,163,0,1
1681595281214,142,HTTP Request compresion 1,200,OK,Thread Group 1-236,text,true,,196,16521519,1,1,http://localhost:5000/api/tasks,142,0,2
1681595281417,126,HTTP Request compresion 1,200,OK,Thread Group 1-237,text,true,,196,16521495,1,1,http://localhost:5000/api/tasks,126,0,1
1681595281629,165,HTTP Request compresion 1,200,OK,Thread Group 1-238,text,true,,196,16521499,1,1,http://localhost:5000/api/tasks,164,0,25
1681595281811,122,HTTP Request compresion 1,200,OK,Thread Group 1-239,text,true,,196,16521503,1,1,http://localhost:5000/api/tasks,122,0,1
1681595282016,112,HTTP Request compresion 1,200,OK,Thread Group 1-240,text,true,,196,16521495,1,1,http://localhost:5000/api/tasks,112,0,1
1681595282215,147,HTTP Request compresion 1,200,OK,Thread Group 1-241,text,true,,196,16521487,1,1,http://localhost:5000/api/tasks,147,0,1
1681595282416,273,HTTP Request compresion 1,200,OK,Thread Group 1-242,text,true,,196,16521483,2,2,http://localhost:5000/api/tasks,273,0,2
1681595282627,204,HTTP Request compresion 1,200,OK,Thread Group 1-243,text,true,,196,16521519,2,2,http://localhost:5000/api/tasks,204,0,1
1681595282820,145,HTTP Request compresion 1,200,OK,Thread Group 1-244,text,true,,196,16521511,1,1,http://localhost:5000/api/tasks,145,0,2
1681595283016,135,HTTP Request compresion 1,200,OK,Thread Group 1-245,text,true,,196,16521491,1,1,http://localhost:5000/api/tasks,135,0,2
1681595283218,159,HTTP Request compresion 1,200,OK,Thread Group 1-246,text,true,,196,16521515,1,1,http://localhost:5000/api/tasks,159,0,2
1681595283418,204,HTTP Request compresion 1,200,OK,Thread Group 1-247,text,true,,196,16521491,1,1,http://localhost:5000/api/tasks,204,0,1
1681595283631,272,HTTP Request compresion 1,200,OK,Thread Group 1-248,text,true,,196,16521519,2,2,http://localhost:5000/api/tasks,271,0,2
1681595283818,256,HTTP Request compresion 1,200,OK,Thread Group 1-249,text,true,,196,16521503,2,2,http://localhost:5000/api/tasks,256,0,3
1681595284017,384,HTTP Request compresion 1,200,OK,Thread Group 1-250,text,true,,196,16521519,2,2,http://localhost:5000/api/tasks,383,0,2
1681595284217,290,HTTP Request compresion 1,200,OK,Thread Group 1-251,text,true,,196,16521515,2,2,http://localhost:5000/api/tasks,290,0,3
1681595284417,203,HTTP Request compresion 1,200,OK,Thread Group 1-252,text,true,,196,16521491,1,1,http://localhost:5000/api/tasks,202,0,2
1681595284627,177,HTTP Request compresion 1,200,OK,Thread Group 1-253,text,true,,196,16521511,1,1,http://localhost:5000/api/tasks,176,0,1
1681595284832,525,HTTP Request compresion 1,200,OK,Thread Group 1-254,text,true,,196,16521499,3,3,http://localhost:5000/api/tasks,525,0,3
1681595285047,395,HTTP Request compresion 1,200,OK,Thread Group 1-255,text,true,,196,16521487,3,3,http://localhost:5000/api/tasks,395,0,2
1681595285234,361,HTTP Request compresion 1,200,OK,Thread Group 1-256,text,true,,196,16521523,2,2,http://localhost:5000/api/tasks,361,0,3
1681595285440,225,HTTP Request compresion 1,200,OK,Thread Group 1-257,text,true,,196,16521495,2,2,http://localhost:5000/api/tasks,225,0,2
1681595285621,157,HTTP Request compresion 1,200,OK,Thread Group 1-258,text,true,,196,16521499,1,1,http://localhost:5000/api/tasks,157,0,2
1681595285823,1372,HTTP Request compresion 1,200,OK,Thread Group 1-259,text,true,,196,16521491,7,7,http://localhost:5000/api/tasks,1371,0,3
1681595286614,1387,HTTP Request compresion 1,200,OK,Thread Group 1-263,text,true,,196,16521499,10,10,http://localhost:5000/api/tasks,1387,0,1
1681595287185,1388,HTTP Request compresion 1,200,OK,Thread Group 1-265,text,true,,196,16521523,12,12,http://localhost:5000/api/tasks,1388,0,2
1681595286413,2192,HTTP Request compresion 1,200,OK,Thread Group 1-262,text,true,,196,16521519,11,11,http://localhost:5000/api/tasks,2192,0,1
1681595286022,2609,HTTP Request compresion 1,200,OK,Thread Group 1-260,text,true,,196,16521515,10,10,http://localhost:5000/api/tasks,2609,0,1115
1681595287137,1509,HTTP Request compresion 1,200,OK,Thread Group 1-264,text,true,,196,16521487,10,10,http://localhost:5000/api/tasks,1508,0,1
1681595287250,1493,HTTP Request compresion 1,200,OK,Thread Group 1-266,text,true,,196,16521483,9,9,http://localhost:5000/api/tasks,1493,0,6
1681595287186,1572,HTTP Request compresion 1,200,OK,Thread Group 1-261,text,true,,196,16521507,8,8,http://localhost:5000/api/tasks,1571,0,3
1681595287838,1033,HTTP Request compresion 1,200,OK,Thread Group 1-269,text,true,,196,16521503,8,8,http://localhost:5000/api/tasks,1033,0,2
1681595288024,884,HTTP Request compresion 1,200,OK,Thread Group 1-270,text,true,,196,16521507,7,7,http://localhost:5000/api/tasks,883,0,2
1681595287618,1331,HTTP Request compresion 1,200,OK,Thread Group 1-268,text,true,,196,16521491,6,6,http://localhost:5000/api/tasks,1331,0,22
1681595287421,1539,HTTP Request compresion 1,200,OK,Thread Group 1-267,text,true,,196,16521499,5,5,http://localhost:5000/api/tasks,1538,0,26
1681595288230,787,HTTP Request compresion 1,200,OK,Thread Group 1-271,text,true,,196,16521491,5,5,http://localhost:5000/api/tasks,787,0,1
1681595288636,430,HTTP Request compresion 1,200,OK,Thread Group 1-273,text,true,,196,16521487,4,4,http://localhost:5000/api/tasks,430,0,1
1681595288429,651,HTTP Request compresion 1,200,OK,Thread Group 1-272,text,true,,196,16521515,3,3,http://localhost:5000/api/tasks,650,0,2
1681595288816,298,HTTP Request compresion 1,200,OK,Thread Group 1-274,text,true,,196,16521487,2,2,http://localhost:5000/api/tasks,298,0,4
1681595289017,155,HTTP Request compresion 1,200,OK,Thread Group 1-275,text,true,,196,16521523,1,1,http://localhost:5000/api/tasks,154,0,2
1681595289229,244,HTTP Request compresion 1,200,OK,Thread Group 1-276,text,true,,196,16521511,2,2,http://localhost:5000/api/tasks,244,0,2
1681595289423,196,HTTP Request compresion 1,200,OK,Thread Group 1-277,text,true,,196,16521503,1,1,http://localhost:5000/api/tasks,195,0,2
1681595289624,137,HTTP Request compresion 1,200,OK,Thread Group 1-278,text,true,,196,16521487,1,1,http://localhost:5000/api/tasks,137,0,2
1681595289830,122,HTTP Request compresion 1,200,OK,Thread Group 1-279,text,true,,196,16521511,1,1,http://localhost:5000/api/tasks,121,0,1
1681595290028,169,HTTP Request compresion 1,200,OK,Thread Group 1-280,text,true,,196,16521495,1,1,http://localhost:5000/api/tasks,168,0,1
1681595290216,157,HTTP Request compresion 1,200,OK,Thread Group 1-281,text,true,,196,16521519,1,1,http://localhost:5000/api/tasks,156,0,3
1681595290429,180,HTTP Request compresion 1,200,OK,Thread Group 1-282,text,true,,196,16521523,1,1,http://localhost:5000/api/tasks,180,0,0
1681595290616,261,HTTP Request compresion 1,200,OK,Thread Group 1-283,text,true,,196,16521511,2,2,http://localhost:5000/api/tasks,261,0,2
1681595290814,347,HTTP Request compresion 1,200,OK,Thread Group 1-284,text,true,,196,16521499,2,2,http://localhost:5000/api/tasks,347,0,1
1681595291029,280,HTTP Request compresion 1,200,OK,Thread Group 1-285,text,true,,196,16521519,2,2,http://localhost:5000/api/tasks,280,0,2
1681595291223,419,HTTP Request compresion 1,200,OK,Thread Group 1-286,text,true,,196,16521499,3,3,http://localhost:5000/api/tasks,418,0,3
1681595291425,366,HTTP Request compresion 1,200,OK,Thread Group 1-287,text,true,,196,16521483,2,2,http://localhost:5000/api/tasks,366,0,2
1681595291634,1751,HTTP Request compresion 1,200,OK,Thread Group 1-288,text,true,,196,16521515,9,9,http://localhost:5000/api/tasks,1751,0,2
1681595292017,4228,HTTP Request compresion 1,200,OK,Thread Group 1-290,text,true,,196,16521515,23,23,http://localhost:5000/api/tasks,4228,0,84
1681595291812,4512,HTTP Request compresion 1,200,OK,Thread Group 1-289,text,true,,196,16521491,22,22,http://localhost:5000/api/tasks,4512,0,1
1681595292223,4107,HTTP Request compresion 1,200,OK,Thread Group 1-291,text,true,,196,16521507,21,21,http://localhost:5000/api/tasks,4107,0,1
1681595292412,3918,HTTP Request compresion 1,200,OK,Thread Group 1-292,text,true,,196,16521499,21,21,http://localhost:5000/api/tasks,3918,0,1
1681595292618,5364,HTTP Request compresion 1,200,OK,Thread Group 1-293,text,true,,196,16521483,27,27,http://localhost:5000/api/tasks,5364,0,0
1681595292810,5264,HTTP Request compresion 1,200,OK,Thread Group 1-294,text,true,,196,16521495,27,27,http://localhost:5000/api/tasks,5263,0,91
1681595293010,5188,HTTP Request compresion 1,200,OK,Thread Group 1-295,text,true,,196,16521511,26,26,http://localhost:5000/api/tasks,5188,0,2
1681595293413,5006,HTTP Request compresion 1,200,OK,Thread Group 1-297,text,true,,196,16521519,26,26,http://localhost:5000/api/tasks,5005,0,1
1681595293705,4761,HTTP Request compresion 1,200,OK,Thread Group 1-298,text,true,,196,16521515,26,26,http://localhost:5000/api/tasks,4761,0,50
1681595293239,5269,HTTP Request compresion 1,200,OK,Thread Group 1-296,text,true,,196,16521491,25,25,http://localhost:5000/api/tasks,5269,0,35
1681595294681,4247,HTTP Request compresion 1,200,OK,Thread Group 1-300,text,true,,196,16521499,26,26,http://localhost:5000/api/tasks,4247,0,1
1681595294681,5921,HTTP Request compresion 1,200,OK,Thread Group 1-301,text,true,,196,16521487,33,33,http://localhost:5000/api/tasks,5921,0,1
1681595294681,5937,HTTP Request compresion 1,200,OK,Thread Group 1-303,text,true,,196,16521499,32,32,http://localhost:5000/api/tasks,5937,0,53
1681595294681,5943,HTTP Request compresion 1,200,OK,Thread Group 1-302,text,true,,196,16521523,31,31,http://localhost:5000/api/tasks,5943,0,123
1681595294681,6012,HTTP Request compresion 1,200,OK,Thread Group 1-299,text,true,,196,16521487,31,31,http://localhost:5000/api/tasks,6012,0,1
1681595294878,6138,HTTP Request compresion 1,200,OK,Thread Group 1-304,text,true,,196,16521519,31,31,http://localhost:5000/api/tasks,6137,0,42
1681595296655,4501,HTTP Request compresion 1,200,OK,Thread Group 1-313,text,true,,196,16521511,31,31,http://localhost:5000/api/tasks,4501,0,2
1681595295314,6388,HTTP Request compresion 1,200,OK,Thread Group 1-306,text,true,,196,16521499,32,32,http://localhost:5000/api/tasks,6388,0,59
1681595296235,5683,HTTP Request compresion 1,200,OK,Thread Group 1-311,text,true,,196,16521491,33,33,http://localhost:5000/api/tasks,5682,0,1
1681595295448,6569,HTTP Request compresion 1,200,OK,Thread Group 1-307,text,true,,196,16521483,32,32,http://localhost:5000/api/tasks,6569,0,1
1681595296543,5491,HTTP Request compresion 1,200,OK,Thread Group 1-312,text,true,,196,16521499,31,31,http://localhost:5000/api/tasks,5491,0,2
1681595295102,6929,HTTP Request compresion 1,200,OK,Thread Group 1-305,text,true,,196,16521523,30,30,http://localhost:5000/api/tasks,6929,0,1
1681595295635,6701,HTTP Request compresion 1,200,OK,Thread Group 1-308,text,true,,196,16521519,31,31,http://localhost:5000/api/tasks,6701,0,1
1681595295838,6673,HTTP Request compresion 1,200,OK,Thread Group 1-309,text,true,,196,16521499,31,31,http://localhost:5000/api/tasks,6673,0,1
1681595297656,5020,HTTP Request compresion 1,200,OK,Thread Group 1-318,text,true,,196,16521495,31,31,http://localhost:5000/api/tasks,5020,0,58
1681595296083,6663,HTTP Request compresion 1,200,OK,Thread Group 1-310,text,true,,196,16521483,30,30,http://localhost:5000/api/tasks,6663,0,56
1681595297473,5298,HTTP Request compresion 1,200,OK,Thread Group 1-317,text,true,,196,16521483,29,29,http://localhost:5000/api/tasks,5298,0,1
1681595298032,4864,HTTP Request compresion 1,200,OK,Thread Group 1-320,text,true,,196,16521499,29,29,http://localhost:5000/api/tasks,4864,0,2
1681595299497,3523,HTTP Request compresion 1,200,OK,Thread Group 1-327,text,true,,196,16521523,28,28,http://localhost:5000/api/tasks,3522,0,1
1681595297841,5230,HTTP Request compresion 1,200,OK,Thread Group 1-319,text,true,,196,16521495,28,28,http://localhost:5000/api/tasks,5230,0,1
1681595298436,4682,HTTP Request compresion 1,200,OK,Thread Group 1-322,text,true,,196,16521495,27,27,http://localhost:5000/api/tasks,4681,0,44
1681595298653,4564,HTTP Request compresion 1,200,OK,Thread Group 1-323,text,true,,196,16521519,26,26,http://localhost:5000/api/tasks,4564,0,2
1681595299082,4266,HTTP Request compresion 1,200,OK,Thread Group 1-325,text,true,,196,16521515,26,26,http://localhost:5000/api/tasks,4266,0,1
1681595296838,6600,HTTP Request compresion 1,200,OK,Thread Group 1-314,text,true,,196,16521511,26,26,http://localhost:5000/api/tasks,6599,0,1
1681595298229,5345,HTTP Request compresion 1,200,OK,Thread Group 1-321,text,true,,196,16521515,25,25,http://localhost:5000/api/tasks,5345,0,4
1681595298836,4882,HTTP Request compresion 1,200,OK,Thread Group 1-324,text,true,,196,16521503,25,25,http://localhost:5000/api/tasks,4881,0,2
1681595299360,4806,HTTP Request compresion 1,200,OK,Thread Group 1-326,text,true,,196,16521499,26,26,http://localhost:5000/api/tasks,4806,0,76
1681595297486,6749,HTTP Request compresion 1,200,OK,Thread Group 1-315,text,true,,196,16521511,25,25,http://localhost:5000/api/tasks,6749,0,4
1681595300434,3940,HTTP Request compresion 1,200,OK,Thread Group 1-332,text,true,,196,16521495,25,25,http://localhost:5000/api/tasks,3940,0,1
1681595301036,3451,HTTP Request compresion 1,200,OK,Thread Group 1-335,text,true,,196,16521523,25,25,http://localhost:5000/api/tasks,3451,0,1
1681595300036,4487,HTTP Request compresion 1,200,OK,Thread Group 1-330,text,true,,196,16521491,24,24,http://localhost:5000/api/tasks,4487,0,1
1681595300232,4300,HTTP Request compresion 1,200,OK,Thread Group 1-331,text,true,,196,16521523,23,23,http://localhost:5000/api/tasks,4300,0,2
1681595301246,3328,HTTP Request compresion 1,200,OK,Thread Group 1-336,text,true,,196,16521487,22,22,http://localhost:5000/api/tasks,3328,0,8
1681595297473,7231,HTTP Request compresion 1,200,OK,Thread Group 1-316,text,true,,196,16521499,22,22,http://localhost:5000/api/tasks,7231,0,1
1681595300835,3881,HTTP Request compresion 1,200,OK,Thread Group 1-334,text,true,,196,16521483,21,21,http://localhost:5000/api/tasks,3881,0,14
1681595301624,3305,HTTP Request compresion 1,200,OK,Thread Group 1-337,text,true,,196,16521499,21,21,http://localhost:5000/api/tasks,3305,0,211
1681595301976,3045,HTTP Request compresion 1,200,OK,Thread Group 1-339,text,true,,196,16521499,20,20,http://localhost:5000/api/tasks,3044,0,1
1681595299630,5543,HTTP Request compresion 1,200,OK,Thread Group 1-328,text,true,,196,16521511,20,20,http://localhost:5000/api/tasks,5524,0,21
1681595300633,4877,HTTP Request compresion 1,200,OK,Thread Group 1-333,text,true,,196,16521487,21,21,http://localhost:5000/api/tasks,4877,0,2
1681595301875,3645,HTTP Request compresion 1,200,OK,Thread Group 1-338,text,true,,196,16521499,20,20,http://localhost:5000/api/tasks,3645,0,21
1681595299839,5702,HTTP Request compresion 1,200,OK,Thread Group 1-329,text,true,,196,16521515,19,19,http://localhost:5000/api/tasks,5702,0,4
1681595302038,3806,HTTP Request compresion 1,200,OK,Thread Group 1-340,text,true,,196,16521523,19,19,http://localhost:5000/api/tasks,3806,0,4
1681595302632,3235,HTTP Request compresion 1,200,OK,Thread Group 1-343,text,true,,196,16521519,19,19,http://localhost:5000/api/tasks,3234,0,1
1681595302836,3093,HTTP Request compresion 1,200,OK,Thread Group 1-344,text,true,,196,16521483,18,18,http://localhost:5000/api/tasks,3093,0,2
1681595303438,2701,HTTP Request compresion 1,200,OK,Thread Group 1-347,text,true,,196,16521491,18,18,http://localhost:5000/api/tasks,2701,0,4
1681595304275,1992,HTTP Request compresion 1,200,OK,Thread Group 1-351,text,true,,196,16521487,18,18,http://localhost:5000/api/tasks,1992,0,4
1681595303045,3247,HTTP Request compresion 1,200,OK,Thread Group 1-345,text,true,,196,16521523,17,17,http://localhost:5000/api/tasks,3247,0,5
1681595303644,2860,HTTP Request compresion 1,200,OK,Thread Group 1-348,text,true,,196,16521491,17,17,http://localhost:5000/api/tasks,2860,0,5
1681595304436,2087,HTTP Request compresion 1,200,OK,Thread Group 1-352,text,true,,196,16521487,16,16,http://localhost:5000/api/tasks,2087,0,2
1681595302441,4238,HTTP Request compresion 1,200,OK,Thread Group 1-342,text,true,,196,16521503,16,16,http://localhost:5000/api/tasks,4237,0,2
1681595302234,4474,HTTP Request compresion 1,200,OK,Thread Group 1-341,text,true,,196,16521523,15,15,http://localhost:5000/api/tasks,4474,0,2
1681595303237,3488,HTTP Request compresion 1,200,OK,Thread Group 1-346,text,true,,196,16521499,14,14,http://localhost:5000/api/tasks,3488,0,13
1681595303847,3512,HTTP Request compresion 1,200,OK,Thread Group 1-349,text,true,,196,16521487,16,16,http://localhost:5000/api/tasks,3512,0,5
1681595304040,3416,HTTP Request compresion 1,200,OK,Thread Group 1-350,text,true,,196,16521503,16,16,http://localhost:5000/api/tasks,3416,0,2
1681595305039,2764,HTTP Request compresion 1,200,OK,Thread Group 1-355,text,true,,196,16521499,16,16,http://localhost:5000/api/tasks,2763,0,3
1681595305317,2594,HTTP Request compresion 1,200,OK,Thread Group 1-356,text,true,,196,16521515,16,16,http://localhost:5000/api/tasks,2594,0,12
1681595304656,3261,HTTP Request compresion 1,200,OK,Thread Group 1-353,text,true,,196,16521519,15,15,http://localhost:5000/api/tasks,3261,0,2
1681595304848,3236,HTTP Request compresion 1,200,OK,Thread Group 1-354,text,true,,196,16521495,15,15,http://localhost:5000/api/tasks,3236,0,2
1681595305473,2660,HTTP Request compresion 1,200,OK,Thread Group 1-357,text,true,,196,16521523,14,14,http://localhost:5000/api/tasks,2660,0,1
1681595306255,1884,HTTP Request compresion 1,200,OK,Thread Group 1-361,text,true,,196,16521515,13,13,http://localhost:5000/api/tasks,1883,0,2
1681595305641,2602,HTTP Request compresion 1,200,OK,Thread Group 1-358,text,true,,196,16521491,12,12,http://localhost:5000/api/tasks,2602,0,2
1681595305855,2398,HTTP Request compresion 1,200,OK,Thread Group 1-359,text,true,,196,16521491,12,12,http://localhost:5000/api/tasks,2398,0,2
1681595306051,2279,HTTP Request compresion 1,200,OK,Thread Group 1-360,text,true,,196,16521507,11,11,http://localhost:5000/api/tasks,2279,0,1
1681595306456,1932,HTTP Request compresion 1,200,OK,Thread Group 1-362,text,true,,196,16521491,10,10,http://localhost:5000/api/tasks,1932,0,7
1681595307312,1263,HTTP Request compresion 1,200,OK,Thread Group 1-365,text,true,,196,16521499,10,10,http://localhost:5000/api/tasks,1263,0,2
1681595307336,1261,HTTP Request compresion 1,200,OK,Thread Group 1-364,text,true,,196,16521523,9,9,http://localhost:5000/api/tasks,1261,0,7
1681595306647,1961,HTTP Request compresion 1,200,OK,Thread Group 1-363,text,true,,196,16521491,8,8,http://localhost:5000/api/tasks,1961,0,2
1681595307306,1320,HTTP Request compresion 1,200,OK,Thread Group 1-366,text,true,,196,16521515,7,7,http://localhost:5000/api/tasks,1320,0,1
1681595307848,901,HTTP Request compresion 1,200,OK,Thread Group 1-369,text,true,,196,16521523,7,7,http://localhost:5000/api/tasks,901,0,1
1681595307640,1128,HTTP Request compresion 1,200,OK,Thread Group 1-368,text,true,,196,16521491,6,6,http://localhost:5000/api/tasks,1128,0,3
1681595308054,718,HTTP Request compresion 1,200,OK,Thread Group 1-370,text,true,,196,16521515,5,5,http://localhost:5000/api/tasks,718,0,1
1681595307455,1331,HTTP Request compresion 1,200,OK,Thread Group 1-367,text,true,,196,16521523,4,4,http://localhost:5000/api/tasks,1331,0,3
1681595308254,588,HTTP Request compresion 1,200,OK,Thread Group 1-371,text,true,,196,16521483,3,3,http://localhost:5000/api/tasks,588,0,2
1681595308450,588,HTTP Request compresion 1,200,OK,Thread Group 1-372,text,true,,196,16521499,3,3,http://localhost:5000/api/tasks,588,0,26
1681595308675,461,HTTP Request compresion 1,200,OK,Thread Group 1-373,text,true,,196,16521511,3,3,http://localhost:5000/api/tasks,460,0,5
1681595308857,438,HTTP Request compresion 1,200,OK,Thread Group 1-374,text,true,,196,16521503,3,3,http://localhost:5000/api/tasks,438,0,3
1681595309041,633,HTTP Request compresion 1,200,OK,Thread Group 1-375,text,true,,196,16521503,4,4,http://localhost:5000/api/tasks,633,0,2
1681595309249,747,HTTP Request compresion 1,200,OK,Thread Group 1-376,text,true,,196,16521511,4,4,http://localhost:5000/api/tasks,746,0,6
1681595309448,606,HTTP Request compresion 1,200,OK,Thread Group 1-377,text,true,,196,16521503,4,4,http://localhost:5000/api/tasks,605,0,4
1681595309654,591,HTTP Request compresion 1,200,OK,Thread Group 1-378,text,true,,196,16521495,3,3,http://localhost:5000/api/tasks,591,0,4
1681595309872,563,HTTP Request compresion 1,200,OK,Thread Group 1-379,text,true,,196,16521495,3,3,http://localhost:5000/api/tasks,563,0,3
1681595310051,512,HTTP Request compresion 1,200,OK,Thread Group 1-380,text,true,,196,16521503,3,3,http://localhost:5000/api/tasks,512,0,2
1681595310295,406,HTTP Request compresion 1,200,OK,Thread Group 1-381,text,true,,196,16521495,3,3,http://localhost:5000/api/tasks,406,0,61
1681595310546,373,HTTP Request compresion 1,200,OK,Thread Group 1-382,text,true,,196,16521487,3,3,http://localhost:5000/api/tasks,373,0,4
1681595310660,306,HTTP Request compresion 1,200,OK,Thread Group 1-383,text,true,,196,16521499,2,2,http://localhost:5000/api/tasks,305,0,2
1681595310848,317,HTTP Request compresion 1,200,OK,Thread Group 1-384,text,true,,196,16521511,2,2,http://localhost:5000/api/tasks,317,0,2
1681595311050,296,HTTP Request compresion 1,200,OK,Thread Group 1-385,text,true,,196,16521507,2,2,http://localhost:5000/api/tasks,296,0,2
1681595311254,211,HTTP Request compresion 1,200,OK,Thread Group 1-386,text,true,,196,16521487,2,2,http://localhost:5000/api/tasks,211,0,2
1681595311448,352,HTTP Request compresion 1,200,OK,Thread Group 1-387,text,true,,196,16521511,2,2,http://localhost:5000/api/tasks,351,0,1
1681595311657,273,HTTP Request compresion 1,200,OK,Thread Group 1-388,text,true,,196,16521515,2,2,http://localhost:5000/api/tasks,273,0,4
1681595311855,201,HTTP Request compresion 1,200,OK,Thread Group 1-389,text,true,,196,16521499,1,1,http://localhost:5000/api/tasks,200,0,1
1681595312247,190,HTTP Request compresion 1,200,OK,Thread Group 1-391,text,true,,196,16521483,2,2,http://localhost:5000/api/tasks,189,0,1
1681595312450,210,HTTP Request compresion 1,200,OK,Thread Group 1-392,text,true,,196,16521519,3,3,http://localhost:5000/api/tasks,210,0,2
1681595312639,168,HTTP Request compresion 1,200,OK,Thread Group 1-393,text,true,,196,16521499,2,2,http://localhost:5000/api/tasks,168,0,2
1681595312843,179,HTTP Request compresion 1,200,OK,Thread Group 1-394,text,true,,196,16521515,2,2,http://localhost:5000/api/tasks,179,0,1
1681595313049,406,HTTP Request compresion 1,200,OK,Thread Group 1-395,text,true,,196,16521499,4,4,http://localhost:5000/api/tasks,405,0,2
1681595313261,391,HTTP Request compresion 1,200,OK,Thread Group 1-396,text,true,,196,16521507,3,3,http://localhost:5000/api/tasks,391,0,1
1681595313444,276,HTTP Request compresion 1,200,OK,Thread Group 1-397,text,true,,196,16521507,3,3,http://localhost:5000/api/tasks,276,0,7
1681595313660,249,HTTP Request compresion 1,200,OK,Thread Group 1-398,text,true,,196,16521507,3,3,http://localhost:5000/api/tasks,249,0,6
1681595313848,157,HTTP Request compresion 1,200,OK,Thread Group 1-399,text,true,,196,16521523,2,2,http://localhost:5000/api/tasks,157,0,3
1681595314043,145,HTTP Request compresion 1,200,OK,Thread Group 1-400,text,true,,196,16521499,2,2,http://localhost:5000/api/tasks,144,0,2
1681595314242,159,HTTP Request compresion 1,200,OK,Thread Group 1-401,text,true,,196,16521487,2,2,http://localhost:5000/api/tasks,158,0,3
1681595314448,202,HTTP Request compresion 1,200,OK,Thread Group 1-402,text,true,,196,16521511,3,3,http://localhost:5000/api/tasks,202,0,3
1681595314639,177,HTTP Request compresion 1,200,OK,Thread Group 1-403,text,true,,196,16521503,2,2,http://localhost:5000/api/tasks,176,0,2
1681595314843,277,HTTP Request compresion 1,200,OK,Thread Group 1-404,text,true,,196,16521519,3,3,http://localhost:5000/api/tasks,277,0,2
1681595315046,196,HTTP Request compresion 1,200,OK,Thread Group 1-405,text,true,,196,16521507,2,2,http://localhost:5000/api/tasks,196,0,2
1681595315255,329,HTTP Request compresion 1,200,OK,Thread Group 1-406,text,true,,196,16521511,3,3,http://localhost:5000/api/tasks,328,0,2
1681595315659,745,HTTP Request compresion 1,200,OK,Thread Group 1-408,text,true,,196,16521483,6,6,http://localhost:5000/api/tasks,745,0,3
1681595315476,954,HTTP Request compresion 1,200,OK,Thread Group 1-407,text,true,,196,16521503,5,5,http://localhost:5000/api/tasks,954,0,2
1681595316275,467,HTTP Request compresion 1,200,OK,Thread Group 1-410,text,true,,196,16521515,6,6,http://localhost:5000/api/tasks,467,0,4
1681595316275,543,HTTP Request compresion 1,200,OK,Thread Group 1-409,text,true,,196,16521507,5,5,http://localhost:5000/api/tasks,543,0,11
1681595316354,466,HTTP Request compresion 1,200,OK,Thread Group 1-411,text,true,,196,16521499,4,4,http://localhost:5000/api/tasks,465,0,9
1681595317648,151,HTTP Request compresion 1,200,OK,Thread Group 1-418,text,true,,196,16521503,8,8,http://localhost:5000/api/tasks,151,0,1
1681595317849,155,HTTP Request compresion 1,200,OK,Thread Group 1-419,text,true,,196,16521503,8,8,http://localhost:5000/api/tasks,155,0,2
1681595318057,153,HTTP Request compresion 1,200,OK,Thread Group 1-420,text,true,,196,16521495,8,8,http://localhost:5000/api/tasks,153,0,1
1681595318247,159,HTTP Request compresion 1,200,OK,Thread Group 1-421,text,true,,196,16521491,8,8,http://localhost:5000/api/tasks,159,0,1
1681595318454,162,HTTP Request compresion 1,200,OK,Thread Group 1-422,text,true,,196,16521503,8,8,http://localhost:5000/api/tasks,161,0,1
1681595318660,154,HTTP Request compresion 1,200,OK,Thread Group 1-423,text,true,,196,16521507,8,8,http://localhost:5000/api/tasks,154,0,1
1681595318880,249,HTTP Request compresion 1,200,OK,Thread Group 1-424,text,true,,196,16521487,9,9,http://localhost:5000/api/tasks,249,0,3
1681595319057,170,HTTP Request compresion 1,200,OK,Thread Group 1-425,text,true,,196,16521495,8,8,http://localhost:5000/api/tasks,170,0,1
1681595319252,156,HTTP Request compresion 1,200,OK,Thread Group 1-426,text,true,,196,16521523,8,8,http://localhost:5000/api/tasks,155,0,1
1681595319448,142,HTTP Request compresion 1,200,OK,Thread Group 1-427,text,true,,196,16521519,8,8,http://localhost:5000/api/tasks,142,0,1
1681595319652,136,HTTP Request compresion 1,200,OK,Thread Group 1-428,text,true,,196,16521515,8,8,http://localhost:5000/api/tasks,136,0,2
1681595319858,130,HTTP Request compresion 1,200,OK,Thread Group 1-429,text,true,,196,16521507,8,8,http://localhost:5000/api/tasks,130,0,3
1681595320050,136,HTTP Request compresion 1,200,OK,Thread Group 1-430,text,true,,196,16521507,8,8,http://localhost:5000/api/tasks,136,0,1
1681595320255,154,HTTP Request compresion 1,200,OK,Thread Group 1-431,text,true,,196,16521483,8,8,http://localhost:5000/api/tasks,154,0,2
1681595320447,163,HTTP Request compresion 1,200,OK,Thread Group 1-432,text,true,,196,16521487,8,8,http://localhost:5000/api/tasks,162,0,1
1681595320656,156,HTTP Request compresion 1,200,OK,Thread Group 1-433,text,true,,196,16521503,8,8,http://localhost:5000/api/tasks,155,0,3
1681595320859,240,HTTP Request compresion 1,200,OK,Thread Group 1-434,text,true,,196,16521495,9,9,http://localhost:5000/api/tasks,240,0,2
1681595321076,224,HTTP Request compresion 1,200,OK,Thread Group 1-435,text,true,,196,16521503,9,9,http://localhost:5000/api/tasks,224,0,1
1681595321263,156,HTTP Request compresion 1,200,OK,Thread Group 1-436,text,true,,196,16521495,8,8,http://localhost:5000/api/tasks,155,0,2
1681595321460,273,HTTP Request compresion 1,200,OK,Thread Group 1-437,text,true,,196,16521487,9,9,http://localhost:5000/api/tasks,273,0,2
1681595321650,201,HTTP Request compresion 1,200,OK,Thread Group 1-438,text,true,,196,16521503,8,8,http://localhost:5000/api/tasks,201,0,2
1681595321856,176,HTTP Request compresion 1,200,OK,Thread Group 1-439,text,true,,196,16521507,8,8,http://localhost:5000/api/tasks,176,0,2
1681595322065,187,HTTP Request compresion 1,200,OK,Thread Group 1-440,text,true,,196,16521515,9,9,http://localhost:5000/api/tasks,187,0,2
1681595322250,181,HTTP Request compresion 1,200,OK,Thread Group 1-441,text,true,,196,16521515,8,8,http://localhost:5000/api/tasks,181,0,2
1681595322457,584,HTTP Request compresion 1,200,OK,Thread Group 1-442,text,true,,196,16521519,8,8,http://localhost:5000/api/tasks,584,0,2
1681595323051,389,HTTP Request compresion 1,200,OK,Thread Group 1-443,text,true,,196,16521519,11,11,http://localhost:5000/api/tasks,388,0,2
1681595323051,391,HTTP Request compresion 1,200,OK,Thread Group 1-444,text,true,,196,16521503,10,10,http://localhost:5000/api/tasks,390,0,3
1681595323063,382,HTTP Request compresion 1,200,OK,Thread Group 1-445,text,true,,196,16521499,9,9,http://localhost:5000/api/tasks,381,0,1
1681595323250,225,HTTP Request compresion 1,200,OK,Thread Group 1-446,text,true,,196,16521503,9,9,http://localhost:5000/api/tasks,225,0,1
1681595323453,255,HTTP Request compresion 1,200,OK,Thread Group 1-447,text,true,,196,16521487,9,9,http://localhost:5000/api/tasks,255,0,1
1681595323661,164,HTTP Request compresion 1,200,OK,Thread Group 1-448,text,true,,196,16521503,8,8,http://localhost:5000/api/tasks,164,0,2
1681595323851,136,HTTP Request compresion 1,200,OK,Thread Group 1-449,text,true,,196,16521495,8,8,http://localhost:5000/api/tasks,136,0,1
1681595324057,154,HTTP Request compresion 1,200,OK,Thread Group 1-450,text,true,,196,16521491,8,8,http://localhost:5000/api/tasks,154,0,2
1681595324248,144,HTTP Request compresion 1,200,OK,Thread Group 1-451,text,true,,196,16521515,8,8,http://localhost:5000/api/tasks,144,0,1
1681595324455,146,HTTP Request compresion 1,200,OK,Thread Group 1-452,text,true,,196,16521491,8,8,http://localhost:5000/api/tasks,145,0,2
1681595324663,135,HTTP Request compresion 1,200,OK,Thread Group 1-453,text,true,,196,16521499,8,8,http://localhost:5000/api/tasks,135,0,2
1681595324854,131,HTTP Request compresion 1,200,OK,Thread Group 1-454,text,true,,196,16521503,8,8,http://localhost:5000/api/tasks,131,0,2
1681595325043,144,HTTP Request compresion 1,200,OK,Thread Group 1-455,text,true,,196,16521487,8,8,http://localhost:5000/api/tasks,144,0,1
1681595325249,137,HTTP Request compresion 1,200,OK,Thread Group 1-456,text,true,,196,16521515,8,8,http://localhost:5000/api/tasks,137,0,1
1681595325456,165,HTTP Request compresion 1,200,OK,Thread Group 1-457,text,true,,196,16521483,8,8,http://localhost:5000/api/tasks,165,0,2
1681595325646,139,HTTP Request compresion 1,200,OK,Thread Group 1-458,text,true,,196,16521515,8,8,http://localhost:5000/api/tasks,139,0,2
1681595325850,109,HTTP Request compresion 1,200,OK,Thread Group 1-459,text,true,,196,16521483,8,8,http://localhost:5000/api/tasks,108,0,1
1681595326056,127,HTTP Request compresion 1,200,OK,Thread Group 1-460,text,true,,196,16521523,8,8,http://localhost:5000/api/tasks,127,0,1
1681595326245,122,HTTP Request compresion 1,200,OK,Thread Group 1-461,text,true,,196,16521503,8,8,http://localhost:5000/api/tasks,122,0,1
1681595326450,150,HTTP Request compresion 1,200,OK,Thread Group 1-462,text,true,,196,16521499,8,8,http://localhost:5000/api/tasks,150,0,2
1681595326641,136,HTTP Request compresion 1,200,OK,Thread Group 1-463,text,true,,196,16521515,8,8,http://localhost:5000/api/tasks,136,0,2
1681595326847,129,HTTP Request compresion 1,200,OK,Thread Group 1-464,text,true,,196,16521499,8,8,http://localhost:5000/api/tasks,129,0,1
1681595327053,131,HTTP Request compresion 1,200,OK,Thread Group 1-465,text,true,,196,16521503,8,8,http://localhost:5000/api/tasks,131,0,1
1681595327258,117,HTTP Request compresion 1,200,OK,Thread Group 1-466,text,true,,196,16521511,8,8,http://localhost:5000/api/tasks,116,0,1
1681595327449,122,HTTP Request compresion 1,200,OK,Thread Group 1-467,text,true,,196,16521487,8,8,http://localhost:5000/api/tasks,121,0,1
1681595327655,132,HTTP Request compresion 1,200,OK,Thread Group 1-468,text,true,,196,16521523,8,8,http://localhost:5000/api/tasks,132,0,2
1681595327847,129,HTTP Request compresion 1,200,OK,Thread Group 1-469,text,true,,196,16521507,8,8,http://localhost:5000/api/tasks,129,0,1
1681595328053,167,HTTP Request compresion 1,200,OK,Thread Group 1-470,text,true,,196,16521511,8,8,http://localhost:5000/api/tasks,167,0,2
1681595328249,165,HTTP Request compresion 1,200,OK,Thread Group 1-471,text,true,,196,16521503,8,8,http://localhost:5000/api/tasks,164,0,1
1681595328449,108,HTTP Request compresion 1,200,OK,Thread Group 1-472,text,true,,196,16521515,8,8,http://localhost:5000/api/tasks,108,0,1
1681595328653,116,HTTP Request compresion 1,200,OK,Thread Group 1-473,text,true,,196,16521487,8,8,http://localhost:5000/api/tasks,116,0,1
1681595328857,355,HTTP Request compresion 1,200,OK,Thread Group 1-474,text,true,,196,16521491,9,9,http://localhost:5000/api/tasks,355,0,1
1681595329064,271,HTTP Request compresion 1,200,OK,Thread Group 1-475,text,true,,196,16521507,9,9,http://localhost:5000/api/tasks,271,0,2
1681595329258,157,HTTP Request compresion 1,200,OK,Thread Group 1-476,text,true,,196,16521499,8,8,http://localhost:5000/api/tasks,157,0,1
1681595329459,148,HTTP Request compresion 1,200,OK,Thread Group 1-477,text,true,,196,16521487,8,8,http://localhost:5000/api/tasks,148,0,2
1681595329649,149,HTTP Request compresion 1,200,OK,Thread Group 1-478,text,true,,196,16521487,8,8,http://localhost:5000/api/tasks,149,0,1
1681595329855,139,HTTP Request compresion 1,200,OK,Thread Group 1-479,text,true,,196,16521503,8,8,http://localhost:5000/api/tasks,139,0,1
1681595330062,141,HTTP Request compresion 1,200,OK,Thread Group 1-480,text,true,,196,16521495,8,8,http://localhost:5000/api/tasks,140,0,0
1681595330255,131,HTTP Request compresion 1,200,OK,Thread Group 1-481,text,true,,196,16521495,8,8,http://localhost:5000/api/tasks,130,0,1
1681595330457,209,HTTP Request compresion 1,200,OK,Thread Group 1-482,text,true,,196,16521503,9,9,http://localhost:5000/api/tasks,209,0,2
1681595330664,145,HTTP Request compresion 1,200,OK,Thread Group 1-483,text,true,,196,16521499,8,8,http://localhost:5000/api/tasks,144,0,1
1681595330853,123,HTTP Request compresion 1,200,OK,Thread Group 1-484,text,true,,196,16521507,8,8,http://localhost:5000/api/tasks,123,0,1
1681595331061,111,HTTP Request compresion 1,200,OK,Thread Group 1-485,text,true,,196,16521491,8,8,http://localhost:5000/api/tasks,111,0,1
1681595331267,121,HTTP Request compresion 1,200,OK,Thread Group 1-486,text,true,,196,16521499,8,8,http://localhost:5000/api/tasks,121,0,1
1681595331456,159,HTTP Request compresion 1,200,OK,Thread Group 1-487,text,true,,196,16521507,8,8,http://localhost:5000/api/tasks,159,0,1
1681595331726,446,HTTP Request compresion 1,200,OK,Thread Group 1-488,text,true,,196,16521523,10,10,http://localhost:5000/api/tasks,446,0,2
1681595331870,3362,HTTP Request compresion 1,200,OK,Thread Group 1-489,text,true,,196,16521515,19,19,http://localhost:5000/api/tasks,3362,0,2
1681595312065,23195,HTTP Request compresion 1,Non HTTP response code: org.apache.http.conn.HttpHostConnectException,"Non HTTP response message: Connect to localhost:5000 [localhost/127.0.0.1, localhost/0:0:0:0:0:0:0:1] failed: Connection refused: connect",Thread Group 1-390,text,false,,2741,0,18,18,http://localhost:5000/api/tasks,0,0,23194
1681595332058,3654,HTTP Request compresion 1,200,OK,Thread Group 1-490,text,true,,196,16521495,17,17,http://localhost:5000/api/tasks,3654,0,1
1681595332521,3194,HTTP Request compresion 1,200,OK,Thread Group 1-492,text,true,,196,16521491,16,16,http://localhost:5000/api/tasks,3193,0,1
1681595333275,2443,HTTP Request compresion 1,200,OK,Thread Group 1-496,text,true,,196,16521523,15,15,http://localhost:5000/api/tasks,2443,0,1
1681595332521,3202,HTTP Request compresion 1,200,OK,Thread Group 1-491,text,true,,196,16521515,14,14,http://localhost:5000/api/tasks,3202,0,2
1681595332867,2859,HTTP Request compresion 1,200,OK,Thread Group 1-494,text,true,,196,16521519,13,13,http://localhost:5000/api/tasks,2859,0,1
1681595333082,2647,HTTP Request compresion 1,200,OK,Thread Group 1-495,text,true,,196,16521483,12,12,http://localhost:5000/api/tasks,2647,0,3
1681595333465,2267,HTTP Request compresion 1,200,OK,Thread Group 1-497,text,true,,196,16521483,11,11,http://localhost:5000/api/tasks,2267,0,1
1681595332661,3076,HTTP Request compresion 1,200,OK,Thread Group 1-493,text,true,,196,16521483,10,10,http://localhost:5000/api/tasks,3075,0,2
1681595333670,2069,HTTP Request compresion 1,200,OK,Thread Group 1-498,text,true,,196,16521491,9,9,http://localhost:5000/api/tasks,2069,0,1
1681595333860,1882,HTTP Request compresion 1,200,OK,Thread Group 1-499,text,true,,196,16521487,8,8,http://localhost:5000/api/tasks,1882,0,1
1681595334068,1748,HTTP Request compresion 1,200,OK,Thread Group 1-500,text,true,,196,16521483,7,7,http://localhost:5000/api/tasks,1748,0,1
1681595316456,23069,HTTP Request compresion 1,Non HTTP response code: org.apache.http.conn.HttpHostConnectException,"Non HTTP response message: Connect to localhost:5000 [localhost/127.0.0.1, localhost/0:0:0:0:0:0:0:1] failed: Connection refused: connect",Thread Group 1-412,text,false,,2741,0,6,6,http://localhost:5000/api/tasks,0,0,23069
1681595316658,23058,HTTP Request compresion 1,Non HTTP response code: org.apache.http.conn.HttpHostConnectException,"Non HTTP response message: Connect to localhost:5000 [localhost/127.0.0.1, localhost/0:0:0:0:0:0:0:1] failed: Connection refused: connect",Thread Group 1-413,text,false,,2741,0,5,5,http://localhost:5000/api/tasks,0,0,23058
1681595316855,23069,HTTP Request compresion 1,Non HTTP response code: org.apache.http.conn.HttpHostConnectException,"Non HTTP response message: Connect to localhost:5000 [localhost/127.0.0.1, localhost/0:0:0:0:0:0:0:1] failed: Connection refused: connect",Thread Group 1-414,text,false,,2741,0,4,4,http://localhost:5000/api/tasks,0,0,23069
1681595317082,23065,HTTP Request compresion 1,Non HTTP response code: org.apache.http.conn.HttpHostConnectException,"Non HTTP response message: Connect to localhost:5000 [localhost/127.0.0.1, localhost/0:0:0:0:0:0:0:1] failed: Connection refused: connect",Thread Group 1-415,text,false,,2741,0,3,3,http://localhost:5000/api/tasks,0,0,23064
1681595317245,23091,HTTP Request compresion 1,Non HTTP response code: org.apache.http.conn.HttpHostConnectException,"Non HTTP response message: Connect to localhost:5000 [localhost/127.0.0.1, localhost/0:0:0:0:0:0:0:1] failed: Connection refused: connect",Thread Group 1-416,text,false,,2741,0,2,2,http://localhost:5000/api/tasks,0,0,23091
1681595317446,23082,HTTP Request compresion 1,Non HTTP response code: org.apache.http.conn.HttpHostConnectException,"Non HTTP response message: Connect to localhost:5000 [localhost/127.0.0.1, localhost/0:0:0:0:0:0:0:1] failed: Connection refused: connect",Thread Group 1-417,text,false,,2741,0,1,1,http://localhost:5000/api/tasks,0,0,23082
